,name,attribute,algorithm,params,run-id,DIbinary,DIavgall,CV,comparative-sensitive-TPR,accuracy,sensitive-accuracy,TNR,sensitive-TNR,comparative-sensitive-accuracy,BCR,sensitive-calibration+,sensitive-calibration-,TPR,sensitive-TPR,comparative-sensitive-TNR,MCC,comparative-sensitive-calibration+,comparative-sensitive-calibration-,Stability
1,education,Race,GaussianNB,,0,0.7127643773183707,0.7127643773183707,0.7636681438982191,0.7115607774876704,0.5281943611277744,0.4942577715458189,0.235752849430114,0.30009538429437976,0.9086807185906054,0.5281943611277744,0.4197913490329772,0.4015303603751851,0.8206358728254349,0.6997751668117204,1.1984440436979298,0.0695197817037215,0.7580268636870335,0.8749053809445451,1.0
2,education,Race,LR,,0,0.5650798914681942,0.5650798914681942,0.7680226537424986,0.73176191857654,0.6058788242351529,0.6085523988396551,0.6022795440911818,0.6513269346369187,1.0071942677412506,0.6058788242351529,0.5018579644911227,0.3521460423634337,0.6094781043791242,0.49708200367469296,1.1512710454019306,0.21176313524695092,0.7559739934983746,0.8709587513935341,0.7418156482279499
3,education,Race,DecisionTree,,0,0.5752088055391685,0.5752088055391685,0.8240025470988158,0.8828933372014313,0.8455308938212358,0.8446470724443786,0.9538092381523696,0.9491556999567791,0.99762174296171,0.8455308938212358,0.8917497231450721,0.19067066533057464,0.7372525494901021,0.6881829610289141,0.9856476444550428,0.7078592559947071,0.8831672203765227,0.9254071355965194,0.5945218700916264
4,education,Race,Feldman-SVM,lambda=1.0,0,0.6754435262854803,0.6754435262854803,0.8495603681715561,0.8576878445024658,0.6754649070185963,0.6773586392317539,0.7312537492501501,0.7456766571779165,1.005095805648642,0.6754649070185963,0.6052144622101077,0.2985528399942401,0.6196760647870426,0.5600449666376559,1.0444828631185696,0.3531348890639291,0.7746457024454564,0.8722820751135605,1.0
5,education,Race,Feldman-GaussianNB,lambda=1.0,0,0.6313442393011235,0.6313442393011235,0.6889387731474036,0.628575572961996,0.5263947210557889,0.498206257115475,0.22255548890221954,0.3108857325960922,0.9241482334326016,0.5263947210557889,0.4134970378638276,0.4081828193832599,0.8302339532093581,0.674601102407891,1.2724264870262456,0.06647011053476999,0.7519532926933975,0.8736343612334802,1.0
6,education,Race,Feldman-LR,lambda=1.0,0,0.41294709634185744,0.41294709634185744,0.6844540139318587,0.6208780582148727,0.6106778644271146,0.6172823227482939,0.6136772645470906,0.6850927264507602,1.017771803101543,0.6106778644271146,0.4972707055731518,0.3562513406263406,0.6076784643071386,0.4488202301518228,1.2202582331053051,0.22135971177156136,0.7423006941168542,0.8880979193479194,0.6005219867130656
7,education,Race,Feldman-DecisionTree,lambda=1.0,0,0.6570696412420862,0.6570696412420862,0.8317210283589865,0.9889517454791606,0.744751049790042,0.7708969840034476,0.7756448710257948,0.8061699231460919,1.0703555647033849,0.744751049790042,0.728143992519869,0.21660065237651446,0.7138572285542891,0.7092278309641233,1.0941447953460417,0.490439172748817,0.9205236091631605,0.8426607642124884,0.571053469127944
8,education,Race,SVM,,1,0.606306140464039,0.606306140464039,0.7978625942836304,0.8299391484533957,0.7036592681463707,0.7081027175268013,0.7110596409959468,0.7424386758752084,1.012365993517826,0.7033829629995291,0.6237090600933108,0.2550781544967152,0.6957062850031114,0.6261263161842612,1.1002619671350322,0.4066853380759775,0.8347736606352961,0.9047043721211204,1.0
9,education,Race,SVM,,2,0.6144437573009002,0.6144437573009002,0.8064888819913263,0.8215487274116736,0.6901619676064787,0.6917365632737713,0.713345302214243,0.7406819839533187,1.0042819754932737,0.6901062049255219,0.6184674282936315,0.2826930296583657,0.666867107636801,0.5927717355849433,1.0853026987600292,0.3806389867686807,0.8071827904715606,0.8936303341258917,1.0
10,education,Race,SVM,,3,0.5195187969924812,0.5195187969924812,0.7621793281397311,0.758911754749898,0.7015596880623876,0.7032161655642031,0.7404948702474351,0.7773344808806939,1.004556679860605,0.7017918596913979,0.6529914529914529,0.2896661321960232,0.6630888491353608,0.5642527318965742,1.1163836698175595,0.4047158698459559,0.8393162393162393,0.9177091557262969,1.0
11,education,Race,SVM,,4,0.5930448945472397,0.5930448945472397,0.8023320918819066,0.8060764331210191,0.6982603479304139,0.6991023041370704,0.7364341085271318,0.7725933822948748,1.0022637758008006,0.6980299691700234,0.6690705681844353,0.29476214574898785,0.6596258298129151,0.5810382165605096,1.1066650872621022,0.3973003333601777,0.8976312213547065,0.9433704453441296,1.0
12,education,Race,GaussianNB,,1,0.7350768386874166,0.7350768386874166,0.7771501505189089,0.7766213796142631,0.5245950809838033,0.50227434257285,0.2246670526925304,0.2895431451933,0.9378820184790334,0.5357933894452074,0.4249320360566605,0.35843820983485786,0.8469197261978842,0.7555249266312246,1.207291418591728,0.0911507859123918,0.7984117899556445,0.8641291669224631,0.9912175308025316
13,education,Race,GaussianNB,,2,0.7853629714796717,0.7853629714796717,0.8209008687009773,0.8152906310286018,0.5170965806838632,0.4872689022607545,0.20706163973668465,0.2615900802334063,0.91888623175967,0.517842305135931,0.4270554120571177,0.40528513350181294,0.8286229705351774,0.7519291525708054,1.1701531728665209,0.04554886977273452,0.7894877918027194,0.8210086803647951,1.0
14,education,Race,GaussianNB,,3,0.7811694478361145,0.7811694478361145,0.8152975888300654,0.8032817477194414,0.5377924415116977,0.5038406192626408,0.21726010863005432,0.2682075893725444,0.9066044757604326,0.5358810978451405,0.4438683127572016,0.37521373661901003,0.8545020870602266,0.7738558148820012,1.1609532423075426,0.09315876251968104,0.7922633744855967,0.8818305912781089,0.6638492181269016
15,education,Race,GaussianNB,,4,0.7762976140845665,0.7762976140845665,0.8123885734909436,0.8175286624203821,0.52999400119976,0.5097076506760312,0.21705426356589147,0.2775053304904051,0.9454558930273288,0.5318825934606766,0.4582376756511116,0.3852692434281135,0.8467109233554617,0.7727643312101911,1.1783226723525229,0.08204503455851922,0.8533088213596474,0.9006024527410884,0.9996151835781716
16,education,Race,LR,,1,0.6145764683078115,0.6145764683078115,0.7780283325332946,0.7210251938529624,0.6205758848230354,0.6098322895619137,0.5732484076433121,0.6123900752383724,0.9701008792983474,0.6223429343754829,0.4922197882438846,0.3225685531516115,0.671437461107654,0.5572956222516011,1.125065050761645,0.2455100008055952,0.7505001825483754,0.9159189993073382,0.7716119333339561
17,education,Race,LR,,2,0.6355087868480725,0.6355087868480725,0.7984148147103063,0.7709946785211694,0.6154769046190762,0.6112243722238291,0.5888689407540395,0.6270678336980307,0.9884356092938386,0.615540904532161,0.5114616935483871,0.33900940513469513,0.6422128683102826,0.5471267742145925,1.119197665937272,0.2314037981556195,0.7641733870967742,0.8814217491711691,0.5892608073739619
18,education,Race,LR,,3,0.6059892843474933,0.6059892843474933,0.7799342720495899,0.7581175735377084,0.6229754049190162,0.6197798380848051,0.5950512975256488,0.6385408157311239,0.9912095545996208,0.6228088926507194,0.5300688117852297,0.33955265819939306,0.6505664877757901,0.5514047893900862,1.1373920527482788,0.2460131793905977,0.7840182205853847,0.8923232550297853,0.7708818977936579
19,education,Race,LR,,4,0.6116692487840029,0.6116692487840029,0.7829248466714842,0.7453460721868366,0.6124775044991002,0.6049574273195042,0.5807990459153249,0.6289623312011372,0.9797806957122798,0.6126686840922431,0.531218124341412,0.3575388211257988,0.6445383222691611,0.5413397027600849,1.1420753375977255,0.2257731194701889,0.8279747102212855,0.939726628211036,0.6244553639551916
20,education,Race,DecisionTree,,1,0.5850477674489625,0.5850477674489625,0.8321362521721981,0.9279110761066262,0.8539292141571686,0.8624056233417803,0.956572090330052,0.9589882511709138,1.0235896061949044,0.8500968727941487,0.9187673437026328,0.17261783910876502,0.7436216552582452,0.7141266537275088,1.007720092085417,0.7204695448452479,0.9462490963785184,0.9173341541847048,0.5261206624908596
21,education,Race,DecisionTree,,2,0.5188772307416375,0.5188772307416375,0.7939470753158966,0.8706349428243912,0.8338332333533294,0.8417895099046647,0.9317773788150808,0.9441028446389496,1.0216363996918043,0.8335976491189054,0.9023117721664936,0.1954040209968942,0.7354179194227299,0.6817038051835491,1.0384609773887674,0.6806637007312998,0.9708866597486452,0.9240607626709348,0.6324924677082604
22,education,Race,DecisionTree,,3,0.6629790996932657,0.6629790996932657,0.8603452816721313,0.9430012238202286,0.8467306538692262,0.848338289012134,0.9541339770669884,0.9451353230637568,1.0044223230746328,0.8473711030236553,0.8929488683989941,0.1862773643912434,0.7406082289803221,0.7172411099441903,0.971571459135644,0.7104745078343957,0.8781022632020117,0.9122937560659979,0.5694815721301774
23,education,Race,DecisionTree,,4,0.728214897409906,0.728214897409906,0.8872470472226854,0.9517452229299362,0.8614277144571085,0.8605989419063571,0.9582587954680978,0.9511806049119482,0.9977716712224148,0.8608433385910192,0.9155964364225384,0.17611827231514032,0.7634278817139408,0.7438726114649681,0.9791202716575852,0.7364265603499368,0.9207451116510472,0.9430654687925382,0.5508604532349871
24,education,Race,Feldman-SVM,lambda=1.0,1,0.5821809942797922,0.5821809942797922,0.7857674975905811,0.8936269959588573,0.6964607078584283,0.7217457960757172,0.7064273306311523,0.7550838824058639,1.070367682901871,0.6960885875308842,0.6529563356996986,0.2505693644890743,0.6857498444306159,0.6422275979109824,1.155466910110873,0.3921605014989583,0.9226587571720316,0.8636029123592375,1.0
25,education,Race,Feldman-SVM,lambda=1.0,2,0.5963718820861679,0.5963718820861679,0.8035574178974505,0.8842182272299419,0.6697660467906419,0.6934374394993623,0.7085577498503891,0.7520860685630926,1.0643722865341552,0.6696727414315085,0.6352982954545454,0.29120383816869444,0.6307877330126278,0.58271358142049,1.1358278628738143,0.34039719332565826,0.8856534090909091,0.845707339637052,1.0
26,education,Race,Feldman-SVM,lambda=1.0,3,0.4896765414934997,0.4896765414934997,0.7365958112745191,0.7457361582460312,0.6892621475704859,0.6960956376031056,0.7103198551599276,0.7601322110709146,1.0187977357828002,0.6893877152961236,0.6419363333138276,0.29405958363244794,0.6684555754323196,0.5642180135922161,1.1573671568055397,0.3790658309042168,0.8639534203288666,0.911880832735104,1.0
27,education,Race,Feldman-SVM,lambda=1.0,4,0.5955880373630515,0.5955880373630515,0.7821434009324179,0.8250318471337579,0.6814637072585483,0.6914683043191392,0.6696481812760883,0.7238134723209351,1.026899456935492,0.6815350139935058,0.6466076572419386,0.2880544627015351,0.6934218467109233,0.6225159235668789,1.1597804627655377,0.3631481864896644,0.9330620577788964,0.9273393504589986,1.0
28,education,Race,Feldman-GaussianNB,lambda=1.0,1,0.6486499849930865,0.6486499849930865,0.6985625351179778,0.6745754924849746,0.52249550089982,0.5037274361178401,0.21713954834973945,0.30398331172324977,0.9477690083613346,0.5338964698811547,0.41676720630734265,0.37123771498771496,0.8506533914125699,0.7175067743054581,1.2774822929621692,0.08733662646070789,0.7871552425577284,0.8825245700245701,1.0
29,education,Race,Feldman-GaussianNB,lambda=1.0,2,0.7217703707399831,0.7217703707399831,0.7639904907694153,0.7538186969366548,0.5173965206958608,0.4922465126158771,0.20107719928186715,0.2735667396061269,0.9316067480108762,0.5181573609157382,0.4247441818346464,0.41024923736828783,0.8352375225496091,0.7330197295458569,1.2261998541210797,0.04696221822232302,0.7875486733677443,0.8227763790645939,1.0
30,education,Race,Feldman-GaussianNB,lambda=1.0,3,0.6803455742948792,0.6803455742948792,0.7284214222734542,0.7543028998463714,0.5422915416916617,0.5277259732278836,0.22812311406155705,0.3131151048352589,0.959932668928848,0.5404181461780653,0.4535028866870408,0.3663876058506543,0.8527131782945736,0.7519876229244964,1.2685066324347454,0.10355943211350216,0.8154276867019642,0.8505581216320246,1.0
31,education,Race,Feldman-GaussianNB,lambda=1.0,4,0.6745653282090041,0.6745653282090041,0.7186730890227819,0.7287983014861995,0.5263947210557889,0.5146363981312974,0.1997614788312463,0.29413646055437104,0.968385283362698,0.5283659536582302,0.456201247488961,0.3946985684138482,0.8569704284852142,0.7470658174097664,1.2783937455579246,0.07523939915383633,0.8586818423714756,0.89599612159927,1.0
32,education,Race,Feldman-LR,lambda=1.0,1,0.44219731963151465,0.44219731963151465,0.6664865649315129,0.6265130844889502,0.617876424715057,0.624310013135519,0.5645628257093225,0.6428040626957036,1.0179044939848252,0.6198669760158311,0.4999741069242792,0.3250415157004831,0.6751711263223398,0.5223598961116893,1.2499955897788717,0.2408342078174792,0.7903743667966028,0.912235809178744,0.5642741749365336
33,education,Race,Feldman-LR,lambda=1.0,2,0.4670614739962868,0.4670614739962868,0.7153854052278822,0.6881296539640824,0.6220755848830234,0.6313629034976129,0.6253740275284261,0.6896754194018964,1.025256052415205,0.6220676511664981,0.5314357163871727,0.34229069360897196,0.6187612748045701,0.4892685063512922,1.2006491611962071,0.2441409251877094,0.7916740217711091,0.883394443597766,0.6237895416397676
34,education,Race,Feldman-LR,lambda=1.0,3,0.4060410178057237,0.4060410178057237,0.6527846588978927,0.5954536380443178,0.6232753449310138,0.6236544282393536,0.5866022933011467,0.6652468199323142,1.0010427918729412,0.6230566624526008,0.519211725094078,0.3481586074619529,0.6595110316040549,0.4936639094546622,1.2484537285564243,0.2467926135307715,0.7763913646266587,0.9203974824824342,0.5375
35,education,Race,Feldman-LR,lambda=1.0,4,0.4431450263870752,0.4431450263870752,0.6674577797757009,0.6115074309978767,0.620875824835033,0.6147681966085254,0.5658914728682171,0.6485114111979784,0.9835783608813096,0.6212076555650681,0.5338434403164635,0.3523935663894434,0.6765238382619191,0.5190870488322717,1.2437179183447842,0.2438687486611169,0.8349679866237103,0.9703721028899029,0.7674187892211148
36,education,Race,Feldman-DecisionTree,lambda=1.0,1,0.8706045611778231,0.8706045611778231,0.9429576128333651,1.0552492663122464,0.7300539892021596,0.7395088878717855,0.7869137232194557,0.7795561994478404,1.0263127146615465,0.7279310370919929,0.6756730007917657,0.2241801986271486,0.6689483509645302,0.6915534490356576,0.9764913162745981,0.4597361339689629,0.8153206650831354,0.8353766269671561,0.5514879985143228
37,education,Race,Feldman-DecisionTree,lambda=1.0,2,0.8049486755270318,0.8049486755270318,0.9082389033502558,0.9448607189122188,0.7441511697660468,0.7334166527539694,0.7851585876720527,0.7714259664478482,0.97080841784807,0.7440525349665135,0.6711140540374065,0.2346510453393303,0.7029464822609741,0.6800519100474367,0.9571480671043034,0.4898094029973844,0.7595682991108158,0.8883621428979818,0.5040573995965523
38,education,Race,Feldman-DecisionTree,lambda=1.0,3,0.984159000608512,0.984159000608512,0.9932432277691048,0.921167750167082,0.8164367126574685,0.7641809388943809,0.8931804465902233,0.8198229081573112,0.8562535068266225,0.8168943377852727,0.7289744529904326,0.21129297211974374,0.7406082289803221,0.7082902971018895,0.7682489205274828,0.6409094477764674,0.5996427170557839,0.9562019345483912,0.7677958929128246
39,education,Race,Feldman-DecisionTree,lambda=1.0,4,1.0874186931694283,1.0874186931694283,1.039724834426149,0.9156815286624204,0.7651469706058788,0.7014953810111908,0.8038163387000596,0.7199676222064282,0.8288593550736372,0.7649136008527455,0.6584359113266913,0.2531029610947644,0.7260108630054315,0.6918407643312101,0.7526573481797363,0.5315636331158262,0.6499528218963804,1.0030533370697303,0.5359427840233982
1,education,Race-Sex,GaussianNB,,0,0.935556288501846,0.8088100179715854,0.9470361399428128,0.8400998768734244,0.5281943611277744,0.4943819736212909,0.235752849430114,0.3033507439935318,1.0428916643335613,0.5281943611277744,0.4163937350538903,0.3995493463678785,0.8206358728254349,0.6928535109240133,1.1770263731203416,0.0695197817037215,0.95639580656337,0.8963688254602017,1.0
2,education,Race-Sex,LR,,0,0.902651742233245,0.7095527040280439,0.9481728911079826,0.8304140398338736,0.6058788242351529,0.6102061973562931,0.6022795440911818,0.6550033184799674,1.0434778088007433,0.6058788242351529,0.4968750047419799,0.3507193832804265,0.6094781043791242,0.4939100841101749,1.1514588951797176,0.21176313524695092,0.9561206231371728,0.9770053537534116,0.7435744363476534
3,education,Race-Sex,DecisionTree,,0,1.159711508793582,0.8605144710496268,1.0573323364900038,0.9280619900781868,0.8470305938812237,0.8439641049362887,0.9562087582483504,0.951397910584588,0.9889831790513538,0.8470305938812237,0.8870548767752715,0.19483817329030445,0.7378524295140971,0.6785873543714186,0.9994740991560476,0.7112236496590403,0.9471508632692844,1.007152652106371,0.5507687170223625
4,education,Race-Sex,Feldman-SVM,lambda=1.0,0,1.076781857451404,0.9251581463891784,1.0295314836351557,0.988263257486048,0.6580683863227355,0.6736258070057155,0.7570485902819436,0.7633774613650828,1.0263728708794155,0.6580683863227355,0.6069244298281322,0.3110460291595188,0.5590881823635273,0.5335451399941794,1.0223689596116226,0.3225194267043736,0.9554314035135332,0.9644356412185396,1.0
5,education,Race-Sex,Feldman-GaussianNB,lambda=1.0,0,0.9290533456352618,0.7698108332872037,0.9408299157929714,0.7863773038008665,0.5278944211157769,0.4971030760505397,0.226754649070186,0.3130077731716997,1.04472043068547,0.5278944211157769,0.4112236501965624,0.4034001488367678,0.8290341931613677,0.667420422129996,1.203087414084722,0.06988584816798643,0.947435201340832,0.9091405778528178,1.0
6,education,Race-Sex,Feldman-LR,lambda=1.0,0,0.8183809811344126,0.6263560858113332,0.8974256958228768,0.7799569188419792,0.6034793041391722,0.6124966351693506,0.5956808638272345,0.6646639183664949,1.0627260578686255,0.6034793041391722,0.4959988975055616,0.3521493129052141,0.6112777444511098,0.4783555048818559,1.2187278285265666,0.20698378552533805,0.9715668294896934,0.9734083861992,0.6603275694271098
7,education,Race-Sex,Feldman-DecisionTree,lambda=1.0,0,0.9377939209912172,0.8600714883293675,0.9614255151085888,0.9847840626778462,0.613377324535093,0.6072869942677771,0.5146970605878824,0.5409437594121387,1.0755729424245126,0.613377324535093,0.5085943980327815,0.3040657250990185,0.7120575884823035,0.6765523857899597,1.1394701299784429,0.23130417652571084,1.0063812140618442,0.9080852652001123,0.6251059789452886
8,education,Race-Sex,SVM,,1,0.9413608516008224,0.7616840575692362,0.9706011837079798,0.8825294462081045,0.7036592681463707,0.7085064048060439,0.7110596409959468,0.7467357975604825,1.040170701903554,0.7033829629995291,0.6148587810201567,0.25670240722729315,0.6957062850031114,0.6184188237865129,1.1200496439562413,0.4066853380759775,1.0022016451337938,1.0008064616689112,1.0
9,education,Race-Sex,SVM,,2,1.010993161392983,0.8039341662003291,1.005203683316817,0.9007234367819766,0.6901619676064787,0.6925170077633085,0.713345302214243,0.7411137934590626,1.0246247531423125,0.6901062049255219,0.6124173364099351,0.28471031757569043,0.666867107636801,0.5871510753103064,1.0755138959437205,0.3806389867686807,0.9666539144335196,0.9888997839248364,1.0
10,education,Race-Sex,SVM,,3,0.9775657975023392,0.7305807481130692,0.9894902835146092,0.8566015130602048,0.7015596880623876,0.7059250764311678,0.7404948702474351,0.7801209182349047,1.0264725204806424,0.7017918596913979,0.6469552986969769,0.2884185546891852,0.6630888491353608,0.5632015176435456,1.1085156546929529,0.4047158698459559,0.9987017394855155,1.0108075296768448,1.0
11,education,Race-Sex,SVM,,4,0.9453072196620584,0.7512817148394798,0.9740264950905296,0.8567645888142287,0.6982603479304139,0.6995993616088858,0.7364341085271318,0.775047459327119,1.0110442867584783,0.6980299691700234,0.6644449407916654,0.2954205932264792,0.6596258298129151,0.5801691537086807,1.1076962470281202,0.3973003333601777,1.0306884924841253,1.0424729356714808,1.0
12,education,Race-Sex,GaussianNB,,1,0.9287610986640112,0.8193721905243629,0.9399282777923554,0.8735410786674352,0.5245950809838033,0.5042334082867219,0.2246670526925304,0.2900741102649924,1.050689589427341,0.5357933894452074,0.42465468152672986,0.36110613227181854,0.8469197261978842,0.7607458711123777,1.1650748902416803,0.0911507859123918,0.9775310283604264,0.9469920844084018,0.9912793665707532
13,education,Race-Sex,GaussianNB,,2,0.9682163067869436,0.8686380512022032,0.9737592069182172,0.8924959075725688,0.5170965806838632,0.487588488286265,0.20706163973668465,0.2605366996509827,1.0125170616596566,0.517842305135931,0.4249899850574033,0.4080384845803349,0.8286229705351774,0.7524523555656177,1.1065001627237872,0.04554886977273452,0.9530741013394604,0.9620407307631978,1.0
14,education,Race-Sex,GaussianNB,,3,0.955749223785414,0.8552743813499207,0.9628330278779776,0.8817985007262094,0.5377924415116977,0.5046859441854651,0.21726010863005432,0.2710224577593939,1.02611394544664,0.5358810978451405,0.4391150221559456,0.3745613656221454,0.8545020870602266,0.7704606672751318,1.1267641208943822,0.09315876251968104,0.9683249800363102,0.9683906231383296,0.6652924678837822
15,education,Race-Sex,GaussianNB,,4,0.9517383803000994,0.8526813390048543,0.9595964459228784,0.8878709125006091,0.52999400119976,0.5096907248244276,0.21705426356589147,0.2784676544060131,1.0418671446324794,0.5318825934606766,0.4568476843419364,0.3848510447582501,0.8467109233554617,0.7719521889696375,1.1341809894719237,0.08204503455851922,1.0051324067833056,0.9909125041221112,0.9995646470468514
16,education,Race-Sex,LR,,1,0.909223745684688,0.7453320006337208,0.9479263243826352,0.8199217107275908,0.6205758848230354,0.6108589457956077,0.5732484076433121,0.6163455346646599,1.0333975133130626,0.6223429343754829,0.4862285747450341,0.3238465318514817,0.671437461107654,0.5481710967102893,1.1407733125672341,0.2455100008055952,0.957295736095067,1.000733569145874,0.7720074293898416
17,education,Race-Sex,LR,,2,0.9968508105359251,0.808021990826402,0.9983393201580448,0.8711487930172533,0.6154769046190762,0.6111975937153009,0.5888689407540395,0.6273340509484995,1.021389179163654,0.615540904532161,0.5028023231245938,0.34047363351073484,0.6422128683102826,0.5376559801954134,1.0866574453698399,0.2314037981556195,0.9389945235711996,0.9834914430216338,0.5886217504789357
18,education,Race-Sex,LR,,3,0.9303142154205192,0.7481311364799349,0.9616559161773336,0.8502657037373887,0.6229754049190162,0.6229916405328737,0.5950512975256488,0.6423265033675821,1.0323187223736998,0.6228088926507194,0.5264519987817152,0.3368497540837125,0.6505664877757901,0.5523240863788456,1.1306969411989705,0.2460131793905977,0.9731366700800704,0.9992100470474152,0.7706255564258936
19,education,Race-Sex,LR,,4,0.9466469467428816,0.7657208443058888,0.9707897462832464,0.8531395507139262,0.6124775044991002,0.6052511486423766,0.5807990459153249,0.6317319466916956,1.0218364478506226,0.6126686840922431,0.5319341928448743,0.3559552258170397,0.6445383222691611,0.5437597166342197,1.1261095058609534,0.2257731194701889,1.003751992772926,1.0228328548125247,0.6249551703146141
20,education,Race-Sex,DecisionTree,,1,1.129376287143277,0.8725923890232167,1.0461558646024665,0.959228483950469,0.8554289142171566,0.8634575660442732,0.956572090330052,0.9594810690298088,1.0125380159869588,0.8516525666336009,0.9094837092668324,0.17354460864326965,0.7467330429371499,0.7116573878075723,1.0257195752933337,0.7231270853519104,1.0055742386184028,0.99889981432548,0.5259361960277418
21,education,Race-Sex,DecisionTree,,2,1.1276735186621325,0.8037720766997438,1.0478886139203292,0.9103307198929697,0.8356328734253149,0.838598828088567,0.9323758228605624,0.9444447837295276,1.005329002618666,0.8354001784176535,0.9012844489763464,0.201010104286108,0.7384245339747444,0.6626418183719274,1.0294039016308882,0.6840055037789811,1.0184407659168015,1.0051858607166564,0.6196445346775907
22,education,Race-Sex,DecisionTree,,3,1.1989262774422391,0.9495354017563884,1.0707201526873658,0.9882997519283652,0.8422315536892622,0.8439179046657557,0.9493059746529872,0.9410770952022558,1.0025627502265515,0.8428700415900595,0.8785666825531769,0.19109341168577304,0.7364341085271318,0.7094483974072234,0.9956977303118684,0.7011765743273424,0.9524488840799992,0.9909919324269088,0.5795896379280501
23,education,Race-Sex,DecisionTree,,4,1.2009486444970316,0.9902174213070828,1.0706183160444114,0.978252223635033,0.850629874025195,0.8509958807069008,0.9570661896243292,0.950728139667012,0.9849551588982104,0.8499875305393825,0.9093483093483092,0.19061213867591212,0.7429088714544357,0.7248836547094294,0.9895214010014076,0.7172708527611816,0.9666471666471668,1.018445194664117,0.569354246697557
24,education,Race-Sex,Feldman-SVM,lambda=1.0,1,0.8596796946311508,0.7076884654660031,0.923582320184262,0.8575453547564521,0.643371325734853,0.6723902661733051,0.6363636363636364,0.6946847552620347,1.0478717062490917,0.6436329693952594,0.5772110538011516,0.28802633661999416,0.6509023024268824,0.6012335502288297,1.1511267231244993,0.28708233566111746,1.0152723066397489,1.0121261145042058,1.0
25,education,Race-Sex,Feldman-SVM,lambda=1.0,2,1.0173343173888008,0.7947086664058475,1.0082173061670094,0.917976710911342,0.6553689262147571,0.6745081849621699,0.6762417713943746,0.7207975478288549,1.0439809248169187,0.6553187209347098,0.5962033667041022,0.3055321643076063,0.6343956704750451,0.5651896652017159,1.089138036630161,0.3109186841804296,0.991044878233207,0.9757972717083874,1.0
26,education,Race-Sex,Feldman-SVM,lambda=1.0,3,1.051999507990221,0.8345830597250187,1.0212250243979488,0.9314884288676936,0.6682663467306539,0.6813965478947477,0.7495473747736874,0.7744271016707178,1.035347857345457,0.6687510278758121,0.6210363975644111,0.31426890712585065,0.5879546809779368,0.5182947290014592,1.0654808612993538,0.34187647180442,0.9859432669279868,0.9803054593059742,1.0
27,education,Race-Sex,Feldman-SVM,lambda=1.0,4,1.00135181558968,0.8446037617799519,1.000574108927503,0.954460198437572,0.6664667066586683,0.6839817018541383,0.7400119260584377,0.7696065391543103,1.0354491438561737,0.6660228610376678,0.6565301802266655,0.3147319076841222,0.592033796016898,0.5584944597010733,1.0809532580522756,0.33583789049924784,1.0510924234758097,1.0014035498681375,1.0
28,education,Race-Sex,Feldman-GaussianNB,lambda=1.0,1,0.923259467483494,0.7955421779354034,0.9340964751158926,0.8332884764888447,0.5218956208758249,0.5010384101684385,0.21019108280254775,0.2878415829907676,1.0491322946389992,0.5335336247864637,0.41953447435230096,0.3646556689828529,0.8568761667703796,0.7460843697889938,1.1828318395219803,0.0876360388079295,0.9708663172323884,0.9567019765066428,1.0
29,education,Race-Sex,Feldman-GaussianNB,lambda=1.0,2,0.9518332606225308,0.8242245254945013,0.9590666048750645,0.8462874923580662,0.5143971205758848,0.4896690745610148,0.18850987432675045,0.26221407611438097,1.0254411190225294,0.5151809744453957,0.4206442676734286,0.4189015183170498,0.8418520745640409,0.7360054523489746,1.1477527800269778,0.04010148622816344,0.951738502391933,0.956384820121658,1.0
30,education,Race-Sex,Feldman-GaussianNB,lambda=1.0,3,0.9249742547802612,0.7833193899188519,0.9357887766137368,0.8451833925342395,0.5431913617276545,0.5287444637452485,0.22208811104405551,0.31221179918417113,1.0665079798423596,0.5412766136615627,0.4494202522804261,0.3597040534206294,0.8604651162790697,0.7537190911081835,1.2086874622033674,0.10730581280922803,0.9860016319204602,0.9347336096890444,1.0
31,education,Race-Sex,Feldman-GaussianNB,lambda=1.0,4,0.923822253906018,0.7819207213811881,0.9345202141783748,0.8185875585005343,0.5281943611277744,0.5151079893013935,0.20691711389385808,0.3014032302081609,1.0554221404163309,0.5301332702842857,0.4555589309104925,0.3920755544828151,0.8533494266747134,0.7398977898554928,1.1972424717838408,0.07895615462943732,1.0054650517901542,1.001028275542304,1.0
32,education,Race-Sex,Feldman-LR,lambda=1.0,1,0.8833287238080185,0.6239013076792599,0.9289724190209626,0.7655438224971421,0.6229754049190162,0.6342431989382736,0.5518239722061378,0.6441684730926762,1.0916035445303107,0.6256319612119674,0.4958768706718202,0.317280846627597,0.6994399502177971,0.5244684258790678,1.243261313405865,0.25354725807002576,0.9937625756201406,0.9785966843923516,0.7273797176497019
33,education,Race-Sex,Feldman-LR,lambda=1.0,2,0.9884808151086608,0.7167701743498185,0.9938617492274524,0.8172060419671209,0.6172765446910617,0.6197897417601484,0.5876720526630761,0.6529215421207372,1.0365362646767378,0.6173477521282908,0.5023926218708827,0.345506943605992,0.6470234515935057,0.5002338182735196,1.1309522173145028,0.23510144227117946,0.9425841018884498,0.9885771593758904,0.8159775865923615
34,education,Race-Sex,Feldman-LR,lambda=1.0,3,0.7720342487366888,0.5756469828768512,0.8652426986641688,0.7267361750398015,0.616376724655069,0.6267709022581694,0.6022933011466506,0.6789739331862729,1.054913755563445,0.6162927447891869,0.5243084476557489,0.347365566244686,0.6302921884317233,0.4903048112185953,1.2453829657673512,0.23268184662650346,0.9894257223139568,1.0134365742019542,0.5557454185276917
35,education,Race-Sex,Feldman-LR,lambda=1.0,4,0.8016986493421959,0.5791685866177985,0.8844363227849026,0.7153954875467444,0.6097780443911218,0.6085587256687361,0.5909361955873583,0.6764566944717992,1.0389105035148951,0.6098917550055079,0.5169449007978121,0.366761978089546,0.6288473144236573,0.4695481470536265,1.2393356819510306,0.21992684847918226,0.996982025277952,1.0402354829811833,0.8714000459964517
36,education,Race-Sex,Feldman-DecisionTree,lambda=1.0,1,0.7857450379980748,0.6510956104933111,0.8708679553339749,0.9296210107132122,0.6907618476304739,0.7318061082614332,0.6543138390272148,0.7313016188572157,1.1379036398440732,0.6921226942491394,0.659568057102641,0.2282801855583499,0.7299315494710641,0.7127437083454682,1.2780991281732572,0.3847315158718822,1.1425032988573331,0.9619699526265526,0.5340624977914257
37,education,Race-Sex,Feldman-DecisionTree,lambda=1.0,2,0.9441252884610444,0.89175771462605,0.9681378807556406,0.9944018288123508,0.6814637072585483,0.6603964420879292,0.6289646918013165,0.6267268177388837,1.0371606540411145,0.6815899827016203,0.5702105716569076,0.2534046171962197,0.7342152736019242,0.7181078966471993,1.0926332124559164,0.3651736516457147,0.9900542249923818,0.944958169144074,0.5233441671697353
38,education,Race-Sex,Feldman-DecisionTree,lambda=1.0,3,0.9908602029304088,0.8769076431833799,0.9953952650938372,0.9522722622531592,0.6874625074985004,0.6852083585795797,0.6873868436934218,0.7006721588564702,1.0219502531118814,0.6874620563130198,0.6074215002253309,0.2704393679548561,0.6875372689326178,0.6548626959241727,1.0667189966187534,0.3749184459648675,0.9827518214833848,0.9844219505692308,0.5133504894023035
39,education,Race-Sex,Feldman-DecisionTree,lambda=1.0,4,0.8545008039393025,0.7338304463771231,0.9155038590040996,0.8874048526398787,0.6502699460107978,0.6588557273200317,0.6159809183064997,0.6704624441813856,1.0706950177021501,0.6504768803964605,0.5963244819950716,0.3041159448396386,0.6849728424864212,0.6261202551001234,1.1972385979259723,0.3016298995941454,1.0723578763049553,0.9977209361615892,0.5190664306291807
1,education,Sex,GaussianNB,,0,0.9986866241702904,0.9986866241702904,0.9989585462543652,1.0485495130822482,0.5281943611277744,0.5285708836306791,0.235752849430114,0.24068728704341225,1.1394806694093296,0.5281943611277744,0.5183266025855928,0.4320887106878837,0.8206358728254349,0.8173303120966795,1.0671486326642303,0.0695197817037215,1.1773605038920285,1.0053877960155368,1.0
2,education,Sex,LR,,0,1.0024626277282438,1.0024626277282438,1.0012386606055546,1.0117945559075443,0.6058788242351529,0.6059904102766367,0.6022795440911818,0.6074662064744687,1.0413364291451588,0.6058788242351529,0.6055001220294347,0.3936881321871815,0.6094781043791242,0.6086750557315499,1.0705809485137912,0.21176313524695092,1.181344253548786,1.1007015945064156,0.7430833346191016
3,education,Sex,DecisionTree,,0,1.302210510471676,1.302210510471676,1.1026001076720666,1.0201792209315967,0.8473305338932213,0.8472888375159421,0.9568086382723456,0.9576573157024404,0.9845538086834356,0.8473305338932213,0.9418428731385332,0.21870895285529432,0.7378524295140971,0.7364784993546873,1.0115489410283118,0.7119364283365971,1.045372916751583,1.0815010132083305,0.5247926609676943
4,education,Sex,Feldman-SVM,lambda=1.0,0,1.1129935097872985,1.1129935097872985,1.045372692175926,1.0117373577378856,0.6811637672465507,0.6811528540294975,0.7570485902819436,0.7588036768297348,0.9959572593716444,0.6811637672465507,0.7102215190507988,0.3452673604051532,0.6052789442111578,0.604479789980054,1.0238835042870846,0.3665739671084431,1.1396109430050152,1.1142635343696283,1.0
5,education,Sex,Feldman-GaussianNB,lambda=1.0,0,0.9941731512492116,0.9941731512492116,0.9953656387918848,1.0454388126246623,0.52999400119976,0.5303738149595078,0.2369526094781044,0.2422739791324612,1.1406998972221185,0.52999400119976,0.5196516520434457,0.42752539467825,0.8230353929214157,0.8199416285345535,1.0724140670515332,0.07403630386615764,1.1780880002609349,1.0037388360037305,1.0
6,education,Sex,Feldman-LR,lambda=1.0,0,0.9763518717050532,0.9763518717050532,0.9888390993548312,0.9944415112049748,0.5998800239952009,0.5999460919934014,0.6334733053389322,0.6389881950697056,1.024474522888951,0.5998800239952009,0.6086420529384899,0.4061255829825958,0.5662867426514697,0.5666652000469319,1.075047519846524,0.2002124420041696,1.1806216532853238,1.1116861942137792,0.7587244283995187
7,education,Sex,Feldman-DecisionTree,lambda=1.0,0,1.2020212843174192,1.2020212843174192,1.0841353558792115,1.054074269623372,0.7807438512297541,0.7808427210516165,0.8224355128974206,0.8257242730787564,1.036625776232111,0.7807438512297541,0.8002692719301274,0.2432315284075753,0.7390521895620876,0.7353704681450194,1.0447539854880568,0.5634498902454007,1.1392204922843234,1.0570152040544143,0.5396056727775855
8,education,Sex,SVM,,1,1.0597193041432054,1.0597193041432054,1.0281423716120857,1.0124331909123874,0.7036592681463707,0.7041259828912123,0.7110596409959468,0.7174004192872117,1.0420547826838331,0.7033829629995291,0.6907710948806839,0.2870884202737699,0.6957062850031114,0.6948823056427074,1.0763102725366878,0.4066853380759775,1.1860253778061998,1.0924898261191271,1.0
9,education,Sex,SVM,,2,1.141061579097289,1.141061579097289,1.0627319167465887,1.0371657619844563,0.6901619676064787,0.6900962484862772,0.713345302214243,0.7141528248875432,1.0182589622293516,0.6901062049255219,0.693461037966932,0.3196326904934521,0.666867107636801,0.6642411442975504,1.0127902406358726,0.3806389867686807,1.1342046846295162,1.0886669043818986,1.0
10,education,Sex,SVM,,3,1.1041746746078125,1.1041746746078125,1.0457554007593264,1.015852377199895,0.7015596880623876,0.7014144044486856,0.7404948702474351,0.7429672931774456,1.0161458522693936,0.7017918596913979,0.7160883973792411,0.31653604742176555,0.6630888491353608,0.6618268978198056,1.0395826550244192,0.4047158698459559,1.1498402161771193,1.101481680900176,1.0
11,education,Sex,SVM,,4,1.0497871801895755,1.0497871801895755,1.0223685839395884,0.9843347735067479,0.6982603479304139,0.6982807016533708,0.7364341085271318,0.7402997633982293,1.007539923593138,0.6980299691700234,0.7106195847471155,0.3150295344246724,0.6596258298129151,0.6606988552848425,1.052920026276167,0.3973003333601777,1.1516508560812166,1.1165162736164087,1.0
12,education,Sex,GaussianNB,,1,1.0014298615961597,1.0014298615961597,1.0011571473832772,1.0058350544720702,0.5245950809838033,0.5257927935712434,0.2246670526925304,0.2266936996579499,1.1079236153115009,0.5357933894452074,0.5057793472872805,0.3893751555887478,0.8469197261978842,0.8465330222145143,1.024390378461878,0.0911507859123918,1.1587668164019718,1.1079810804082648,0.9905812834784494
13,education,Sex,GaussianNB,,2,1.0251340083382967,1.0251340083382967,1.0201223933826242,1.0138344062598696,0.5170965806838632,0.5168038089137362,0.20706163973668465,0.205962761853464,1.081341756800282,0.517842305135931,0.5085050798258346,0.45473673613208504,0.8286229705351774,0.8276454944464614,0.9825950242382776,0.04554886977273452,1.1324818577648768,1.1337158965065939,1.0
14,education,Sex,GaussianNB,,3,1.0139265517838305,1.0139265517838305,1.011323298976346,1.0181682864897996,0.5377924415116977,0.5368273596475724,0.21726010863005432,0.21825366286813674,1.1072527644997874,0.5358810978451405,0.5230157958700778,0.4045707768566039,0.8545020870602266,0.8530557744505736,1.0159064673671747,0.09315876251968104,1.1519669786672782,1.0901873053471949,0.6645879997407087
15,education,Sex,GaussianNB,,4,1.0019632882779308,1.0019632882779308,1.0015978074051897,1.0108206019034045,0.52999400119976,0.5302831285932673,0.21705426356589147,0.2189394776158448,1.107105636661475,0.5318825934606766,0.5169055510246577,0.4114504776269482,0.8467109233554617,0.8459697415111428,1.0258081956062992,0.08204503455851922,1.1525794304950632,1.0921317244846658,0.9996601148215422
16,education,Sex,LR,,1,1.0203729046643124,1.0203729046643124,1.0109874996399666,1.025315717281284,0.6205758848230354,0.6212880555315533,0.5732484076433121,0.5794356173452501,1.064172355194562,0.6223429343754829,0.5953377416924751,0.3493643607545989,0.671437461107654,0.6697597237769404,1.0744620986428337,0.2455100008055952,1.1939399012304344,1.0898115240569686,0.7736843667286677
17,education,Sex,LR,,2,1.1035619027889272,1.1035619027889272,1.0518122389783875,1.0528656141065489,0.6154769046190762,0.6153403784802132,0.5888689407540395,0.5895025694029961,1.0379315122474355,0.615540904532161,0.6042340884573895,0.3789089634413029,0.6422128683102826,0.6384776249804454,1.010035957084419,0.2314037981556195,1.1529126213592231,1.087926753968458,0.5889850290093301
18,education,Sex,LR,,3,1.0279729555155952,1.0279729555155952,1.014576011640075,1.0040364241309867,0.6229754049190162,0.6226858709663717,0.5950512975256488,0.5978984756548764,1.0321768732705563,0.6228088926507194,0.6166129508613231,0.3726302703822646,0.6505664877757901,0.6502451624201033,1.0455823590350748,0.2460131793905977,1.161713592226749,1.1126074795400394,0.7713353915593093
19,education,Sex,LR,,4,1.0188791238248416,1.0188791238248416,1.0099351952347917,1.0143794634240493,0.6124775044991002,0.6125989992831459,0.5807990459153249,0.5850981577616426,1.0450070677787022,0.6126686840922431,0.6027059117610298,0.3776421339500087,0.6445383222691611,0.6435533680756611,1.0588539638063237,0.2257731194701889,1.173665791776028,1.1003724291090853,0.6243271456915686
20,education,Sex,DecisionTree,,1,1.3164968562368555,1.3164968562368555,1.1045702641205104,1.0326091412174625,0.8527294541091782,0.8527168121201647,0.9548349739432542,0.957312699988966,0.9988608542872778,0.8489171758328593,0.9343858585504312,0.20411500664693047,0.7429993777224643,0.7408382865341259,1.029819044466512,0.7178249763267879,1.074810793477417,1.071683124599733,0.5252279235553525
21,education,Sex,DecisionTree,,2,1.27166137815659,1.27166137815659,1.0961894668276506,1.0216120167772058,0.8347330533893221,0.8347741516403988,0.9311789347695991,0.9316764444703244,0.9885815359091964,0.8345010729169703,0.9108948660996444,0.2216852963503117,0.7378232110643416,0.7362962044670345,1.0078799877716798,0.6820888266407875,1.0538716434620872,1.076672744244122,0.6129542719650855
22,education,Sex,DecisionTree,,3,1.2912683890043315,1.2912683890043315,1.1014190480955828,1.0207818930041153,0.8470305938812237,0.847132224065682,0.9499094749547374,0.9508768684327364,0.9887054988338688,0.8476440636550671,0.9338495320870984,0.2160417950225672,0.7453786523553966,0.7437242798353909,1.0154876424448722,0.7096659693068524,1.0536639764548985,1.0796937118820604,0.5245214218954863
23,education,Sex,DecisionTree,,4,1.2521028676850716,1.2521028676850716,1.0894995264156428,0.9858833311062613,0.8587282543491301,0.8586480246206287,0.9564698867024448,0.957211848691133,0.9702793427973432,0.8581383833029423,0.9430270344229958,0.20273081284570826,0.7598068799034399,0.7607738333852984,1.0101573082043265,0.7311803323060161,1.0406759175854874,1.0983385914638495,0.5610568681710317
24,education,Sex,Feldman-SVM,lambda=1.0,1,0.9833204610699036,0.9833204610699036,0.9917581151530862,0.9812666530026644,0.6967606478704259,0.6972972291828682,0.6994788650839606,0.7090532936113869,1.0483503269103374,0.6966591587398645,0.6855070899013892,0.2901339505728477,0.6938394523957685,0.6950809592129534,1.1152267461105594,0.3931405066965368,1.2047433959547973,1.1023096644867627,1.0
25,education,Sex,Feldman-SVM,lambda=1.0,2,1.17308224360615,1.17308224360615,1.078122317808939,1.0505308551239252,0.6889622075584882,0.6888921077680752,0.6977857570317175,0.6974196788610193,1.0194760584364524,0.6889409843486911,0.6858231576474627,0.3162284614955668,0.6800962116656645,0.6765259317636433,0.9942017381683724,0.3779462374790066,1.1266663956162106,1.083998773211398,1.0
26,education,Sex,Feldman-SVM,lambda=1.0,3,1.1130501790490004,1.1130501790490004,1.0493774453390563,1.0314552140793274,0.6955608878224355,0.6953272673145934,0.7350633675316838,0.7378326180257511,1.0259630257715204,0.6957964422631585,0.7092307692307692,0.32234596708392205,0.6565295169946332,0.6540254793800893,1.044334763948498,0.3927272147621085,1.1597202797202797,1.0915465979422476,1.0
27,education,Sex,Feldman-SVM,lambda=1.0,4,1.0474424109929272,1.0474424109929272,1.0211169681388568,0.986019924873428,0.6970605878824235,0.6970841454321421,0.7400119260584377,0.7441336422139415,1.0087267634179835,0.6968013764269255,0.7115907522309584,0.317678148350647,0.6535908267954134,0.6545484239751755,1.0564254530022843,0.39515611875522777,1.1550849897166084,1.1149261891744122,1.0
28,education,Sex,Feldman-GaussianNB,lambda=1.0,1,1.0009297552647058,1.0009297552647058,1.0007567902301333,1.0011950746527505,0.5230953809238152,0.5242590512399551,0.21887666473653736,0.22054093567251465,1.1048561306489242,0.5344538893066633,0.5048259005741784,0.3907807048697433,0.8500311138767891,0.8499519132230753,1.020029239766082,0.0885507238088578,1.1560108494540526,1.1191008419161426,0.9865316737878508
29,education,Sex,Feldman-GaussianNB,lambda=1.0,2,1.0280139318441126,1.0280139318441126,1.022478852863433,1.0120870265914583,0.5158968206358728,0.5156169421807327,0.2028725314183124,0.2013218231843128,1.0777595641197737,0.5166497353423491,0.5076671306163282,0.4579666729076952,0.830426939266386,0.8295729250604351,0.9754385454121964,0.04276623152446797,1.1297920925579574,1.1452911439805282,1.0
30,education,Sex,Feldman-GaussianNB,lambda=1.0,3,1.0116463571396388,1.0116463571396388,1.0094906783288198,1.0181682864897996,0.5368926214757048,0.5359110493238094,0.21544960772480387,0.2166442208080509,1.1090853851473137,0.5349758473925152,0.5225131358552317,0.40635036658028223,0.8545020870602266,0.8530557744505736,1.0191253514873464,0.0909848272166314,1.1529722986969704,1.0866281258998385,0.6398589065255732
31,education,Sex,Feldman-GaussianNB,lambda=1.0,4,0.9976234236210112,0.9976234236210112,0.9980502431258296,1.008747939958131,0.5281943611277744,0.5284899136608214,0.210494931425164,0.2126821746434987,1.1094857939087548,0.5301116781446882,0.5158780732900115,0.41362126245847175,0.8497284248642124,0.8491292147343104,1.0299429132828348,0.0782806003626827,1.1532106920345684,1.089700996677741,0.9951618578465868
32,education,Sex,Feldman-LR,lambda=1.0,1,0.9956705015629256,0.9956705015629256,0.9975964169474928,1.0192410172324091,0.6148770245950811,0.6156862956882398,0.5587724377533295,0.5664287487586892,1.0729218871511277,0.6169717820378346,0.5898866188144252,0.3518844262028079,0.6751711263223398,0.6738959749002791,1.0921425024826217,0.23516694489090656,1.200914886677476,1.0863546043845076,0.7581845238095237
33,education,Sex,Feldman-LR,lambda=1.0,2,1.1205918309770853,1.1205918309770853,1.0622997072419382,1.0746739159309668,0.6160767846430714,0.6158798306429701,0.5679233991621784,0.5686016042391511,1.0547203863614691,0.6161926075786839,0.5996696989387047,0.3724275106082037,0.6644618159951894,0.6591856974612817,1.01074199700115,0.2334623988226527,1.1607429066493395,1.0698550212164073,0.595451223967848
34,education,Sex,Feldman-LR,lambda=1.0,3,1.03225868630183,1.03225868630183,1.01686831733315,1.0216968741791437,0.6145770845830834,0.6141660388144086,0.5835847917923959,0.5869394701790736,1.045680886425396,0.6143922766356136,0.6076755907439906,0.3809218950064021,0.6451997614788313,0.6434725505647492,1.0537072665384046,0.22923562487237245,1.1732951067216255,1.0985915492957743,0.7686085572842998
35,education,Sex,Feldman-LR,lambda=1.0,4,0.977769729909298,0.977769729909298,0.9882481985081372,0.999517467670334,0.6124775044991002,0.6126119544783231,0.5891472868217055,0.5955868247112237,1.0498062478587942,0.6126183024331823,0.6062469215147597,0.37866432781807546,0.6360893180446591,0.6361223701988032,1.0881559595161,0.2254669938659238,1.1854058069121378,1.0991008075348851,0.6364904936333508
36,education,Sex,Feldman-DecisionTree,lambda=1.0,1,1.1727569991591666,1.1727569991591666,1.0798899737895675,0.9953064152490264,0.7483503299340132,0.7482729197269506,0.738274464389114,0.7369765806024495,0.993024712693338,0.7487265290209416,0.7266348163630935,0.23873467810857324,0.7591785936527692,0.7594896495183439,0.9843801721284342,0.4971329691448481,1.1055538966855778,1.115023941369985,0.5695587135377711
37,education,Sex,Feldman-DecisionTree,lambda=1.0,2,1.3500830233298629,1.3500830233298629,1.1436292283027052,1.0240131879938486,0.7378524295140971,0.7380720433145178,0.7546379413524835,0.7459013291019463,0.9389839657831144,0.7378120554627721,0.7449886772134859,0.2772966414235374,0.7209861695730607,0.7192895071621905,0.8616219993303539,0.4759108872299422,1.0024957638525978,1.1263145943224846,0.5848770929818311
38,education,Sex,Feldman-DecisionTree,lambda=1.0,3,1.4860317914883694,1.4860317914883694,1.1906123458372224,1.0634926889064005,0.7768446310737852,0.7773230923520575,0.7893783946891973,0.7790698534852745,0.9468270032746712,0.776919370272446,0.7883092522419513,0.23984399398120546,0.7644603458556947,0.7594059189212854,0.8349637413053129,0.5539579660477849,0.9784876633624069,1.093758339721205,0.5808433521923622
39,education,Sex,Feldman-DecisionTree,lambda=1.0,4,1.275208716906863,1.275208716906863,1.099837052433993,0.9898267337757783,0.8230353929214157,0.8229201153876051,0.9081693500298152,0.9061666153157499,0.95729607803058,0.8225216092333747,0.8864820644342277,0.2275564635115197,0.7368738684369343,0.7375707095452317,0.9725829704858184,0.6551609925117547,1.0262536025526658,1.1105436386335263,0.7282240826505166
